City_ID,City,Lat,Lng,Max Temp,Humidity,Cloudiness,Wind Speed,Country,Date
0,waitangi,-43.9535,-176.5597,11.57,87,100,2.24,NZ,1727811278
1,revda,56.801,59.9303,2.48,69,0,1.28,RU,1727811279
2,abrantes,39.4667,-8.2,21.18,73,100,2.24,PT,1727811155
3,holualoa,19.6228,-155.9522,27.53,65,0,2.57,US,1727811281
4,nema,57.5067,50.5011,3.73,54,0,2.75,RU,1727811282
5,mora,11.0461,14.1401,27.73,60,50,2.47,CM,1727811283
6,fale old settlement,-9.3852,-171.2468,27.65,74,97,4.72,TK,1727811284
7,port-aux-francais,-49.35,70.2167,4.52,86,100,11.46,TF,1727811285
8,nar'yan-mar,67.6713,53.087,5.48,85,65,8.98,RU,1727811286
9,eduardo castex,-35.915,-64.2945,20.77,19,100,5.88,AR,1727811287
10,hammerfest,70.6634,23.6821,5.25,75,75,19.03,NO,1727811288
11,hamilton,39.1834,-84.5333,24.39,83,100,2.57,US,1727811289
12,malvan,16.0667,73.4667,27.3,90,90,1.43,IN,1727811290
13,bethel,41.3712,-73.414,21.47,67,75,5.14,US,1727811291
14,qaqortoq,60.7167,-46.0333,4.31,73,2,0.63,GL,1727811250
15,puerto natales,-51.7236,-72.4875,4.25,81,100,5.66,CL,1727811293
16,afaahiti,-17.75,-149.2833,27.93,81,97,4.73,PF,1727811294
17,punta arenas,-53.15,-70.9167,4.06,52,20,5.14,CL,1727811295
18,monitos,8.25,-76.05,30.29,69,58,1.63,CO,1727811296
19,hermanus,-34.4187,19.2345,11.0,74,99,4.47,ZA,1727811297
20,tonder,54.9331,8.8667,10.12,91,100,7.78,DK,1727811298
21,zeya,53.75,127.2667,2.2,69,98,0.7,RU,1727811299
22,smithers,54.7804,-127.1743,10.18,62,75,2.57,CA,1727811301
23,tolanaro,-25.0319,46.9987,26.04,53,0,5.14,MG,1727811302
24,spruce grove,53.5334,-113.9187,12.83,73,100,5.14,CA,1727811303
25,metlili chaamba,32.2667,3.6333,30.52,30,20,2.57,DZ,1727811305
26,flying fish cove,-10.4217,105.6791,24.82,94,100,4.12,CX,1727811306
27,ilulissat,69.2167,-51.1,5.01,87,75,0.0,GL,1727811236
28,caleta de carquin,-11.0925,-77.6267,19.65,80,41,4.35,PE,1727811308
29,yellowknife,62.456,-114.3525,4.29,97,75,6.69,CA,1727811309
30,ushuaia,-54.8,-68.3,0.81,47,75,6.69,AR,1727811310
31,puerto ayora,-0.7393,-90.3518,25.98,90,77,2.68,EC,1727811311
32,iskateley,67.6803,53.1512,5.46,86,64,8.89,RU,1727811312
33,avarua,-21.2078,-159.775,22.03,60,100,3.6,CK,1727811313
34,beberibe,-4.1797,-38.1306,25.89,79,35,6.13,BR,1727811315
35,canutama,-6.5339,-64.3831,31.87,49,100,1.25,BR,1727811316
36,hargeysa,9.56,44.065,25.06,58,100,2.39,SO,1727811317
37,olonkinbyen,70.9221,-8.7187,-2.37,96,100,6.23,SJ,1727811318
38,constantia,44.1833,28.65,11.5,77,68,10.11,RO,1727811219
39,newport,51.5877,-2.9984,14.34,82,92,7.8,GB,1727811043
40,takoradi,4.8845,-1.7554,25.05,85,86,4.02,GH,1727811322
41,taghazout,30.5426,-9.7112,21.43,67,11,4.83,MA,1727811323
42,blackmans bay,-43.0167,147.3167,4.74,83,29,0.45,AU,1727811324
43,lebu,-37.6167,-73.65,9.93,56,4,6.66,CL,1727811325
44,oroqen zizhiqi,50.5667,123.7167,-0.42,90,27,1.3,CN,1727811326
45,vorkuta,67.5,64.0,3.04,83,100,10.32,RU,1727811144
46,talnakh,69.4865,88.3972,1.47,99,99,1.04,RU,1727811328
47,port elizabeth,-33.918,25.5701,14.16,84,40,2.06,ZA,1727811329
48,vorgashor,67.5833,63.95,2.81,83,100,10.47,RU,1727811330
49,thompson,55.7435,-97.8558,5.09,87,40,4.63,CA,1727811331
50,callao,-12.0667,-77.15,19.16,77,40,4.12,PE,1727811332
51,albany,42.6001,-73.9662,21.92,57,100,0.89,US,1727811333
52,sanctuary point,-35.1114,150.629,15.97,86,100,4.17,AU,1727811334
53,san patricio,28.017,-97.5169,33.93,31,0,5.44,US,1727811335
54,carnarvon,-24.8667,113.6333,19.52,61,72,8.15,AU,1727811337
55,iqaluit,63.7506,-68.5145,7.85,70,75,12.35,CA,1727811136
56,carloforte,39.145,8.3058,20.68,77,0,2.51,IT,1727811339
57,baise city,23.8997,106.6133,18.13,88,100,1.09,CN,1727811340
58,aykhal,66.0,111.5,1.3,99,100,2.44,RU,1727811341
59,edinburgh of the seven seas,-37.0676,-12.3116,13.65,85,5,8.9,SH,1727811342
60,lagoa,39.05,-27.9833,23.4,85,83,10.95,PT,1727811085
61,grytviken,-54.2811,-36.5092,-4.32,77,33,6.95,GS,1727811344
62,alta,69.9689,23.2717,4.59,69,75,6.69,NO,1727811345
63,papatowai,-46.5619,169.4708,8.71,96,100,2.42,NZ,1727811346
64,horta,38.5333,-28.6333,24.45,94,40,8.75,PT,1727811348
65,kruisfontein,-34.0033,24.7314,9.94,71,5,2.5,ZA,1727811349
66,turtas,58.9417,69.1325,4.07,68,0,3.85,RU,1727811350
67,kodiak,57.79,-152.4072,11.73,54,0,2.57,US,1727811351
68,kondoa,-4.9,35.7833,22.75,47,100,3.54,TZ,1727811352
69,selfoss,63.9331,-20.9971,8.36,94,100,3.8,IS,1727811353
70,adamstown,-25.066,-130.1015,19.59,66,99,5.72,PN,1727811354
71,lata,40.1629,-8.3327,19.49,91,100,0.91,PT,1727811355
72,whitehorse,60.7161,-135.0538,3.23,91,100,1.54,CA,1727811356
73,georgetown,5.4112,100.3354,26.96,88,20,1.03,MY,1727811357
74,stanley,54.868,-1.6985,10.77,94,75,7.2,GB,1727811161
75,london,51.5085,-0.1257,14.06,92,100,3.6,GB,1727811003
76,lerwick,60.1545,-1.1494,7.0,82,4,0.71,GB,1727811360
77,queenstown,-31.8976,26.8753,6.34,62,0,1.97,ZA,1727811361
78,manokwari,-0.8667,134.0833,26.15,79,94,2.22,ID,1727811362
79,ujae,8.9322,165.7642,29.05,75,100,8.52,MH,1727811363
80,nungwi,-5.7265,39.2987,25.25,84,57,4.8,TZ,1727811364
81,faya-largeau,17.9257,19.1043,33.69,20,28,6.21,TD,1727811365
82,bredasdorp,-34.5322,20.0403,9.81,74,86,2.49,ZA,1727811366
83,tulagi,-9.0996,160.1476,27.85,77,20,4.73,SB,1727811367
84,amos,48.5669,-78.1162,20.21,59,74,4.24,CA,1727811368
85,as sulayyil,20.4607,45.5779,31.14,20,1,3.37,SA,1727811369
86,wilkau-hasslau,50.6667,12.5167,12.01,83,7,2.72,DE,1727811370
87,hawaiian paradise park,19.5933,-154.9731,26.05,93,100,3.6,US,1727811371
88,yuzhno-kurilsk,44.0306,145.8556,17.39,99,100,2.18,RU,1727811371
89,dompu,-8.5356,118.4622,22.5,97,28,0.51,ID,1727811372
90,shetpe,44.1667,52.1167,15.98,22,0,2.6,KZ,1727811373
91,bandar abbas,27.1865,56.2808,30.99,70,0,2.06,IR,1727811374
92,pedernales,18.0384,-71.744,29.46,69,6,2.16,DO,1727811375
93,klyuchi,52.2667,79.1667,11.96,42,2,2.3,RU,1727811377
94,utrik,11.2278,169.8474,28.64,79,100,7.65,MH,1727811378
95,meadow lake,34.8014,-106.5436,27.95,27,9,2.22,US,1727811379
96,atafu village,-8.5421,-172.5159,27.52,75,99,3.08,TK,1727811380
97,nagqu,31.5,92.0,3.52,80,34,1.9,CN,1727811381
98,kajuru,10.3192,7.6892,21.4,88,95,1.18,NG,1727811382
99,rongelap,11.1635,166.8941,28.67,78,34,7.69,MH,1727811383
100,port lincoln,-34.7333,135.8667,13.71,81,0,6.74,AU,1727811384
101,awka,6.2101,7.0741,23.27,96,97,1.97,NG,1727811385
102,magdagachi,53.45,125.8,2.08,63,99,1.55,RU,1727811386
103,ribeira grande,38.5167,-28.7,24.87,94,40,8.75,PT,1727811388
104,margaret river,-33.95,115.0667,13.66,92,61,10.59,AU,1727811389
105,hasaki,35.7333,140.8333,22.22,88,100,6.9,JP,1727811390
106,jamestown,42.097,-79.2353,20.77,79,100,3.09,US,1727811393
107,sao jose da coroa grande,-8.8978,-35.1478,24.23,75,5,3.98,BR,1727811394
108,tralee,52.2704,-9.7026,11.63,88,87,1.27,IE,1727811395
109,las trojes,14.0667,-85.9833,25.15,83,100,1.24,HN,1727811396
110,howrah,22.5892,88.3103,30.0,84,75,0.0,IN,1727811397
111,ashland,40.8167,-82.2665,22.98,92,100,2.89,US,1727811398
112,la trinite,14.7376,-60.9629,32.03,58,20,3.09,MQ,1727811400
113,duba,27.3513,35.6901,27.99,60,0,2.42,SA,1727811401
114,kristiansund,63.1115,7.732,8.36,92,20,1.03,NO,1727811402
115,novomyrhorod,48.7811,31.642,13.85,40,57,3.47,UA,1727811404
116,ishim,56.1128,69.4902,5.83,61,3,3.12,RU,1727811405
117,luderitz,-26.6481,15.1594,13.48,63,0,6.87,NA,1727811406
118,ust-nera,64.5667,143.2,-5.65,89,79,1.2,RU,1727811406
119,road town,18.4167,-64.6167,31.05,66,40,2.06,VG,1727811346
120,tiksi,71.6872,128.8694,-9.65,92,65,2.07,RU,1727811409
121,alaghsas,17.0187,8.0168,34.29,15,12,6.49,NE,1727811410
122,aasiaat,68.7098,-52.8699,0.63,88,83,2.61,GL,1727811411
123,malpica,43.3228,-8.8105,20.69,94,100,2.93,ES,1727811412
124,la villa del rosario,10.3258,-72.3134,32.44,56,24,2.24,VE,1727811413
125,nizhniy ingash,56.2,96.53,9.99,83,91,6.59,RU,1727811414
126,longyearbyen,78.2186,15.6401,-4.09,86,40,3.09,SJ,1727811300
127,fort mcmurray,56.7268,-111.381,5.77,60,100,1.54,CA,1727811417
128,gadzhiyevo,69.2551,33.3362,3.31,68,1,10.7,RU,1727811418
129,port mathurin,-19.6833,63.4167,22.46,84,26,9.16,MU,1727811419
130,moose jaw,50.4001,-105.5344,15.15,26,75,8.23,CA,1727811420
131,lihue,21.9789,-159.3672,27.42,72,75,4.63,US,1727811421
132,pangani,-5.4333,38.9667,23.67,89,92,3.1,TZ,1727811423
133,el dorado,38.7666,-120.5177,35.47,16,0,1.34,US,1727811424
134,nova vicosa,-17.8919,-39.3719,24.85,69,4,3.46,BR,1727811425
135,standerton,-26.9337,29.2415,9.78,46,0,4.48,ZA,1727811426
136,nemuro,43.3236,145.575,17.22,99,100,1.82,JP,1727811427
137,west island,-12.1568,96.8225,25.99,83,90,7.2,CC,1727811354
138,south grafton,-29.7,152.95,11.37,87,6,1.77,AU,1727811429
139,barra do garcas,-15.89,-52.2567,39.32,32,20,3.09,BR,1727811431
140,santa cruz,-17.8,-63.1667,35.7,43,20,11.32,BO,1727811432
141,mahriz,31.5917,54.4318,25.28,21,2,2.42,IR,1727811433
142,richards bay,-28.783,32.0377,16.15,68,4,4.07,ZA,1727810897
143,galle,6.0367,80.217,26.26,86,77,3.56,LK,1727811435
144,udachny,66.4167,112.4,0.88,99,100,5.45,RU,1727811436
145,invercargill,-46.4,168.35,9.45,93,100,1.07,NZ,1727811437
146,kapuskasing,49.4169,-82.4331,12.05,82,75,2.57,CA,1727811438
147,alamosa,37.4695,-105.87,22.99,25,0,2.01,US,1727811439
148,bikenibeu village,1.3673,173.1241,27.98,74,20,2.06,KI,1727811440
149,kumhari,21.2667,81.5167,25.78,81,43,2.61,IN,1727811441
150,saint-francois,46.4154,3.9054,13.15,99,100,3.33,FR,1727811442
151,haiku-pauwela,20.9219,-156.3051,28.45,66,20,9.39,US,1727811443
152,hastings,50.8552,0.5729,13.88,49,100,10.7,GB,1727811349
153,vilyuchinsk,52.9306,158.4028,14.15,86,100,2.84,RU,1727811445
154,tura,25.5198,90.2201,23.66,92,97,1.34,IN,1727811446
155,crane,31.3974,-102.3501,30.5,20,0,7.83,US,1727811447
156,college,64.8569,-147.8028,6.36,56,20,4.12,US,1727811448
157,enewetak,11.3474,162.3373,29.02,77,75,9.21,MH,1727811449
158,ngorongoro,-3.2397,35.4875,15.42,57,45,0.63,TZ,1727811450
159,santa elena de uairen,4.6167,-61.1333,25.69,63,93,1.97,VE,1727811451
160,san rafael,-34.6177,-68.3301,19.84,25,33,4.71,AR,1727811452
161,vicuna,-30.0319,-70.7081,27.96,26,0,3.58,CL,1727811453
162,lautoka,-17.6167,177.4667,23.92,78,20,3.09,FJ,1727811454
163,mount isa,-20.7333,139.5,20.87,23,0,4.12,AU,1727811455
164,fort bragg,35.139,-79.006,26.62,77,100,3.09,US,1727811457
165,geraldton,-28.7667,114.6,15.23,88,93,4.63,AU,1727811361
166,hualien city,23.9769,121.6044,22.4,99,100,3.39,TW,1727811458
167,guerrero negro,27.9769,-114.0611,27.2,48,0,5.44,MX,1727811459
168,kingston,17.997,-76.7936,31.76,70,20,4.63,JM,1727811460
169,liwale,-9.7667,37.9333,21.83,67,3,2.35,TZ,1727811461
170,bilibino,68.0546,166.4372,-0.14,94,100,1.78,RU,1727811415
171,mikulov,48.8056,16.6378,14.18,100,100,2.31,CZ,1727811463
172,chinde,26.8418,88.0763,18.86,92,99,1.42,NP,1727811465
173,mossel bay,-34.1831,22.146,9.96,63,11,2.73,ZA,1727811466
174,verkhnevilyuysk,63.4453,120.3167,2.61,98,100,3.4,RU,1727811467
175,samsun,41.25,36.3333,18.33,100,75,4.12,TR,1727811181
176,ghat,24.9647,10.1728,29.71,24,0,4.4,LY,1727811468
177,deder,9.3167,41.45,14.64,80,100,1.27,ET,1727811469
178,hadibu,12.65,54.0333,25.58,79,57,3.86,YE,1727811470
179,hithadhoo,-0.6,73.0833,28.37,76,24,7.25,MV,1727811471
180,hirara,24.8,125.2833,28.15,94,20,4.12,JP,1727811473
181,alice springs,-23.7,133.8833,8.75,57,0,2.57,AU,1727811474
182,aral,40.5156,81.2636,15.38,22,2,3.55,CN,1727811475
183,wanxian,30.8039,108.3897,17.96,81,100,0.38,CN,1727811476
184,vilyuysk,63.7553,121.6247,2.72,98,100,3.44,RU,1727811477
185,badger,64.8,-147.5333,6.31,56,20,4.12,US,1727811478
186,isafjordur,66.0755,-23.124,4.79,97,100,3.18,IS,1727811479
187,katsuura,35.1333,140.3,25.12,86,60,8.45,JP,1727811480
188,choibalsan,48.0667,114.5,0.97,79,0,4.12,MN,1727811481
189,miasskoye,55.2784,61.8905,4.49,47,27,4.69,RU,1727811483
190,nikolayevsk-on-amure,53.1406,140.73,0.94,86,3,1.56,RU,1727811484
191,tazacorte,28.629,-17.9293,22.54,89,20,6.17,ES,1727811485
192,kerikeri,-35.2268,173.9474,16.62,88,100,3.13,NZ,1727811486
193,bangar,16.8936,120.4243,25.04,83,100,3.81,PH,1727811487
194,ducheng,23.2373,111.5317,17.64,74,50,1.78,CN,1727811488
195,ballina,-28.8667,153.5667,12.66,70,87,5.56,AU,1727811489
196,gobabis,-22.45,18.9667,14.82,9,0,5.56,NA,1727811490
197,lashio,22.9333,97.75,19.39,99,100,0.72,MM,1727811491
198,ancud,-41.8697,-73.8203,8.14,73,43,4.99,CL,1727811492
199,arraial do cabo,-22.9661,-42.0278,26.98,61,0,11.32,BR,1727811493
200,chicoana,-25.1009,-65.5331,33.03,26,0,6.72,AR,1727811495
201,tucuma,-0.1833,-50.05,29.13,70,84,3.96,BR,1727811496
202,harper,4.375,-7.7169,24.81,85,90,4.93,LR,1727811496
203,sugarcreek,41.4215,-79.8812,19.13,91,100,2.57,US,1727811498
204,saipan,15.1355,145.701,28.39,83,20,5.66,MP,1727811499
205,naze,28.3667,129.4833,25.51,88,100,2.65,JP,1727811500
206,villa ojo de agua,-29.5,-63.6938,25.59,21,12,9.7,AR,1727811501
207,anuradhapura,8.3565,80.4173,23.31,89,100,0.2,LK,1727811502
208,midvagur,62.0511,-7.1939,8.46,93,100,3.6,FO,1727811503
209,sitka,57.0531,-135.33,11.94,66,100,7.2,US,1727811504
210,moyale,3.5167,39.0584,26.68,40,100,4.22,KE,1727811505
211,sao gabriel da cachoeira,-0.1303,-67.0892,32.89,62,40,2.06,BR,1727811506
212,sinabang,2.4803,96.3801,26.15,85,100,1.57,ID,1727811508
213,santana,-0.0583,-51.1817,35.1,49,40,2.57,BR,1727811509
214,chernyshevskiy,63.0128,112.4714,4.62,95,100,4.69,RU,1727811510
215,severo-yeniseyskiy,60.3725,93.0408,-0.85,97,16,2.17,RU,1727811510
216,copiapo,-27.3667,-70.3333,16.83,15,2,3.94,CL,1727811512
217,pingliang,35.5392,106.6861,8.15,52,0,0.89,CN,1727811513
218,vicosa,-20.7539,-42.8819,29.23,30,0,5.11,BR,1727811514
219,tulun,54.5611,100.5792,6.82,81,100,3.99,RU,1727811369
220,barcelos,41.5388,-8.6151,19.91,99,100,1.13,PT,1727811516
221,isiro,2.7739,27.616,19.44,99,100,0.53,CD,1727811517
222,tsiombe,-25.3,45.4833,23.04,88,44,3.08,MG,1727811518
223,sulak,43.2734,47.5146,19.12,73,64,8.48,RU,1727811519
224,ghadamis,30.1337,9.5007,28.18,24,0,3.65,LY,1727811520
225,kone,-21.0595,164.8658,21.38,80,23,1.61,NC,1727811521
226,praia da vitoria,38.7333,-27.0667,26.14,83,40,6.54,PT,1727811522
227,colonia,50.9333,6.95,13.87,83,0,3.09,DE,1727811424
228,igrim,63.1906,64.4162,4.73,58,18,6.83,RU,1727811524
229,palikir - national government center,6.9248,158.1611,24.41,100,75,1.03,FM,1727811526
230,banda aceh,5.5577,95.3222,25.99,86,100,3.33,ID,1727811527
231,sao joao da barra,-21.6403,-41.0511,27.05,77,0,9.75,BR,1727811528
232,deba,10.2086,11.3859,24.15,74,100,1.28,NG,1727811529
233,port saint john's,-31.6229,29.5448,16.62,66,92,4.44,ZA,1727811530
234,pato branco,-26.2286,-52.6706,27.94,44,30,1.84,BR,1727811531
235,soe,-9.8607,124.284,17.72,85,100,2.35,ID,1727811532
236,laguna,38.421,-121.4238,36.83,26,0,0.45,US,1727811533
237,amursk,50.2261,136.8994,1.87,92,1,1.87,RU,1727811534
238,gidole,5.65,37.3667,14.86,78,32,0.95,ET,1727811535
239,remire-montjoly,4.9167,-52.2667,32.02,62,0,6.69,GF,1727811536
240,almodovar del campo,38.7094,-4.1791,22.49,42,4,2.33,ES,1727811537
241,es castell,39.8795,4.2854,20.38,77,0,2.57,ES,1727811539
242,arkalyk,50.2486,66.9114,12.98,38,1,5.04,KZ,1727811540
243,makarov,48.6333,142.8,8.99,94,100,5.17,RU,1727811541
244,kalmunai,7.4167,81.8167,27.07,79,100,3.4,LK,1727811542
245,zhoukou,33.6333,114.6333,12.32,51,0,3.62,CN,1727811543
246,mundra,22.85,69.7333,28.1,77,2,5.32,IN,1727811544
247,brisas de zicatela,15.8369,-97.0419,27.29,89,75,3.6,MX,1727811545
248,weno,7.4515,151.8468,26.97,89,40,1.54,FM,1727811546
249,ibipeba,-11.6408,-42.0111,29.36,31,0,5.31,BR,1727811547
250,port douglas,-16.4833,145.4667,24.12,79,97,4.62,AU,1727811549
251,kibungo,-2.1597,30.5427,21.51,75,22,1.47,RW,1727811550
252,nova sintra,14.8667,-24.7167,27.52,83,52,3.21,CV,1727811551
253,lompoc,34.6391,-120.4579,29.91,50,12,5.14,US,1727811552
254,angaur state,6.906,134.13,28.86,73,100,3.36,PW,1727811553
255,cumaral,4.2708,-73.4867,32.0,48,68,1.8,CO,1727811554
256,freetown,8.484,-13.2299,26.84,83,75,6.17,SL,1727811555
257,cabo san lucas,22.8909,-109.9124,33.61,62,20,1.54,MX,1727811556
258,pisco,-13.7,-76.2167,20.01,72,0,4.63,PE,1727811557
259,hagere maryam,5.6333,38.2333,14.53,91,44,2.16,ET,1727811558
260,tabas,33.5959,56.9244,25.26,19,0,2.25,IR,1727811560
261,xilin hot,43.9667,116.0333,1.76,63,3,6.37,CN,1727811561
262,esil,51.9556,66.4042,12.35,56,82,4.63,KZ,1727811562
263,katsuren-haebaru,26.3369,127.8719,29.01,91,75,2.06,JP,1727811563
264,chifeng,42.2683,118.9636,5.15,57,0,4.62,CN,1727811564
265,lewistown,40.5992,-77.5714,17.82,97,100,2.06,US,1727811565
266,wailua homesteads,22.0669,-159.378,27.08,72,75,4.63,US,1727811565
267,seguela,7.9611,-6.6731,23.0,93,83,1.87,CI,1727811566
268,daru,-9.0763,143.2092,25.5,87,39,7.13,PG,1727811568
269,palopo,-2.9996,120.1921,23.61,82,15,1.37,ID,1727811568
270,uturoa,-16.7333,-151.4333,26.41,78,98,4.87,PF,1727811569
271,latakia,35.5148,35.7768,25.1,57,0,7.13,SY,1727811570
272,kalininsk,51.5,44.4758,12.72,29,35,3.47,RU,1727811572
273,hovd,48.0056,91.6419,5.55,37,0,0.64,MN,1727811573
274,ayr,55.4627,-4.6339,10.99,76,20,3.09,GB,1727811574
275,montrose,38.4166,-108.2673,20.96,13,0,6.76,US,1727811575
276,xucheng,20.35,110.1288,21.18,83,100,7.22,CN,1727811575
277,lamu,-2.2717,40.902,24.44,88,73,4.03,KE,1727811577
278,chake chake,-5.2459,39.7666,23.49,92,62,2.48,TZ,1727811578
279,gaspe,48.8334,-64.4819,15.12,47,20,3.09,CA,1727811579
280,novyy urengoy,66.0833,76.6333,2.1,95,100,10.39,RU,1727811423
281,sodankyla,67.4167,26.6,2.24,76,100,2.04,FI,1727811351
282,kailua-kona,19.6406,-155.9956,29.6,65,0,2.57,US,1727811582
283,anadyr,64.75,177.4833,6.28,93,75,11.0,RU,1727811583
284,robertsport,6.7533,-11.3686,25.88,83,100,5.68,LR,1727811584
285,ivdel',60.6911,60.4206,2.51,67,0,2.28,RU,1727811585
286,zhezqazghan,47.7833,67.7667,16.14,19,100,3.4,KZ,1727811587
287,san antonio de pale,-1.4014,5.6325,24.62,79,100,6.11,GQ,1727811588
288,margate,51.3813,1.3862,13.28,90,100,9.83,GB,1727811589
289,sandnessjoen,66.0217,12.6316,6.06,81,75,2.57,NO,1727811589
290,portland,45.5234,-122.6762,23.78,37,21,1.34,US,1727811590
291,namibe,-15.1961,12.1522,17.25,87,48,3.89,AO,1727811591
292,carutapera,-1.195,-46.02,27.83,72,100,4.16,BR,1727811593
293,veraval,20.9,70.3667,26.92,89,9,3.97,IN,1727811594
294,el tambo,1.4181,-77.3968,18.77,64,75,2.06,CO,1727811594
295,dunedin,-45.8742,170.5036,9.89,99,100,1.27,NZ,1727811596
296,filadelfia,39.9523,-75.1638,21.91,75,100,2.24,US,1727811597
297,kavaratti,10.5669,72.642,27.66,76,73,1.48,IN,1727811598
298,nizhnesortymskiy,62.4397,71.7603,3.85,63,24,12.33,RU,1727811599
299,gizo,-8.103,156.8419,27.32,79,46,1.96,SB,1727811600
300,sao felix do xingu,-6.6447,-51.995,30.21,53,88,1.26,BR,1727811601
301,abbeville,50.1,1.8333,13.98,90,99,6.66,FR,1727811366
302,saldanha,-33.0117,17.9442,11.03,80,55,8.71,ZA,1727811603
303,beau vallon,-20.4189,57.6953,23.13,78,40,3.6,MU,1727811604
304,wajir,1.7471,40.0573,28.68,53,67,9.5,KE,1727811606
305,dakhla,23.6848,-15.958,22.01,78,0,9.77,EH,1727811607
306,cloquet,46.7216,-92.4594,16.59,30,0,5.14,US,1727811608
307,st. john's,47.5649,-52.7093,11.55,95,100,9.83,CA,1727811609
308,piti village,13.4626,144.6933,29.03,85,0,4.63,GU,1727811610
309,bhadrachalam,17.6667,80.8833,25.82,91,12,1.01,IN,1727811611
310,tromso,69.6496,18.957,4.01,70,75,5.66,NO,1727811360
311,la concordia,13.1953,-86.1667,24.73,82,97,1.21,NI,1727811612
312,chul'man,56.8479,124.9104,-1.37,96,99,1.62,RU,1727811614
313,morris,40.8334,-74.5329,20.26,71,75,3.6,US,1727811615
314,newman,37.3138,-121.0208,31.19,10,0,2.5,US,1727811617
315,hacienda la calera,-32.7833,-71.2167,19.79,57,0,2.41,CL,1727811618
316,egilsstadir,65.2653,-14.3948,10.95,54,20,3.6,IS,1727811619
317,bocana de paiwas,12.7857,-85.1227,25.33,89,99,2.28,NI,1727811620
318,opuwo,-18.0607,13.84,22.46,26,2,2.54,NA,1727811621
319,biloela,-24.4167,150.5,16.3,82,0,4.56,AU,1727811621
320,puerto san jose,13.9256,-90.8244,29.03,82,0,5.14,GT,1727811623
321,dryden,49.7833,-92.7503,13.16,33,0,7.72,CA,1727811624
322,oriximina,-1.7656,-55.8661,32.5,51,100,2.29,BR,1727811625
323,ambon,-3.6954,128.1814,26.6,95,40,2.06,ID,1727811627
324,nelson bay,-32.7167,152.15,17.22,78,53,2.24,AU,1727811629
325,edson,53.5835,-116.4356,6.08,93,100,1.03,CA,1727811630
326,moussoro,13.6408,16.4901,29.97,47,79,4.11,TD,1727811631
327,ebensfeld,50.0664,10.9584,11.75,96,85,1.32,DE,1727811633
328,murzuq,25.9155,13.9184,27.28,29,0,5.52,LY,1727811634
329,kirawsk,53.2686,29.4736,10.51,63,99,3.11,BY,1727811346
330,kozova,49.4354,25.1509,6.46,87,82,0.92,UA,1727811637
331,dudinka,69.4058,86.1778,1.8,94,100,1.75,RU,1727811638
332,akjoujt,19.6969,-14.4164,37.69,17,100,6.36,MR,1727811640
333,mandalgovi,45.7625,106.2708,1.71,67,0,3.45,MN,1727811641
334,quellon,-43.1167,-73.6167,8.6,70,97,5.13,CL,1727811642
335,petropavlovsk-kamchatsky,53.0452,158.6483,13.33,58,75,2.0,RU,1727811420
336,vila velha,-20.3297,-40.2925,26.97,74,20,7.2,BR,1727811645
337,amga,60.8953,131.9608,1.11,99,100,0.83,RU,1727811646
338,dhekiajuli,26.7,92.5,25.7,89,92,1.06,IN,1727811647
339,awjilah,29.1081,21.2869,23.2,46,0,5.06,LY,1727811648
340,mhamid,29.82,-5.72,32.87,22,0,3.59,MA,1727811650
341,rio grande,-32.035,-52.0986,21.06,94,100,2.1,BR,1727811651
342,novodvinsk,64.4165,40.8122,3.86,70,6,3.85,RU,1727811652
343,ixtapa,20.7,-105.2,31.24,79,75,4.63,MX,1727811653
344,galliano,29.4422,-90.2992,32.0,45,0,5.66,US,1727811655
345,walvis bay,-22.9575,14.5053,15.53,67,0,1.54,NA,1727811656
346,miri,4.4148,114.0089,25.08,94,40,1.03,MY,1727811657
347,lillehammer,61.1146,10.4674,4.57,94,83,0.94,NO,1727811658
348,sechura,-5.5569,-80.8222,24.69,59,95,5.87,PE,1727811659
349,kourou,5.1552,-52.6478,32.03,66,87,3.68,GF,1727811660
350,dwarka,22.2394,68.9678,27.74,81,0,4.49,IN,1727811662
351,mundybash,53.211,87.2983,10.0,80,97,1.55,RU,1727811663
352,wynyard,-41.0,145.7167,7.33,64,0,2.16,AU,1727811664
353,susuman,62.7833,148.1667,-7.08,86,38,1.33,RU,1727811547
354,port blair,11.6667,92.75,26.02,94,75,1.54,IN,1727811666
355,east london,-33.0153,27.9116,14.53,70,14,4.89,ZA,1727811498
356,arkhangel'sk,64.5401,40.5433,4.06,70,0,2.0,RU,1727811603
357,khadan khak,30.7477,67.7085,18.75,32,0,4.02,PK,1727811669
358,tangalle,6.024,80.7911,25.98,88,69,2.44,LK,1727811670
359,zhlobin,52.8926,30.024,10.72,60,89,2.77,BY,1727811671
360,rumonge,-3.9736,29.4386,25.5,70,99,0.62,BI,1727811672
361,ashchysay,43.5542,68.8889,11.22,39,50,0.27,KZ,1727811674
362,turpan,42.9333,89.1667,17.31,22,0,1.77,CN,1727811675
363,akhuryan,40.78,43.9003,12.84,67,75,0.51,AM,1727811676
364,jieshi,22.8134,115.8257,23.34,75,100,8.03,CN,1727811677
365,sparta,43.9441,-90.8129,18.23,34,0,5.14,US,1727811679
366,egersund,58.4513,5.9997,10.52,66,14,5.27,NO,1727811681
367,shahritus,37.2637,68.1385,23.53,34,88,2.26,TJ,1727811682
368,makinsk,52.6292,70.4169,9.99,71,73,4.54,KZ,1727811683
369,hilo,19.7297,-155.09,25.85,87,100,3.6,US,1727811684
370,qarchi gak,37.04,66.7889,21.77,38,1,1.08,AF,1727811686
371,cartagena,10.3997,-75.5144,30.79,66,20,4.12,CO,1727811687
372,palotina,-24.2839,-53.84,37.16,25,45,4.16,BR,1727811688
373,vila franca do campo,37.7167,-25.4333,24.23,93,82,4.28,PT,1727811689
374,sakakah,29.9697,40.2064,24.76,27,0,2.51,SA,1727811691
375,ballarat east,-37.5592,143.8744,6.44,92,83,1.34,AU,1727811692
376,nago,26.5881,127.9761,28.24,89,100,3.58,JP,1727811693
377,katsina-ala,7.1667,9.2833,24.59,91,83,2.52,NG,1727811694
378,pacific grove,36.6177,-121.9166,33.54,63,0,1.54,US,1727811695
379,hatillo,18.4863,-66.8254,32.02,73,47,2.68,PR,1727811696
380,callaway,30.153,-85.5699,31.65,58,40,2.06,US,1727811697
381,isangel,-19.55,169.2667,23.34,77,2,3.18,VU,1727811698
382,kalemie,-5.9475,29.1947,24.26,65,100,2.09,CD,1727811699
383,belmonte,-15.8631,-38.8828,23.99,79,2,2.95,BR,1727811702
384,lorca,37.6712,-1.7017,22.57,66,80,1.11,ES,1727811703
385,bontang,0.1333,117.5,25.08,88,100,2.23,ID,1727811704
386,puerto deseado,-47.7503,-65.8938,6.41,67,100,8.59,AR,1727811705
387,butwal,27.7006,83.4484,24.62,91,2,1.2,NP,1727811608
388,minas de marcona,-15.2119,-75.1103,18.06,57,0,8.17,PE,1727811707
389,jiuquan,39.7432,98.5174,8.9,14,0,1.97,CN,1727811708
390,dzuunmod,48.2199,97.3744,-1.41,70,12,2.65,MN,1727811709
391,shingu,33.7333,135.9833,20.11,78,84,2.35,JP,1727811575
392,calabugao,8.4564,125.1589,18.41,95,100,0.4,PH,1727811712
393,eyl,7.9803,49.8164,25.29,88,32,5.73,SO,1727811713
394,pilibangan,29.45,74.0833,30.59,36,0,1.84,IN,1727811714
395,recani,31.2846,-4.2688,30.07,28,0,2.86,MA,1727811715
396,jaguaribe,-5.8906,-38.6219,35.55,23,40,3.35,BR,1727811716
397,mangrol,21.1167,70.1167,27.27,88,7,4.23,IN,1727811717
398,mwingi,-0.9344,38.0601,22.84,67,53,4.02,KE,1727811718
399,kiruna,67.8557,20.2251,-0.49,74,100,3.6,SE,1727811719
400,tadepallegudem,16.8333,81.5,25.2,91,70,2.54,IN,1727811720
401,prineville,44.2999,-120.8345,26.73,13,42,4.12,US,1727811722
402,sete,43.4018,3.6966,19.92,86,90,2.07,FR,1727811618
403,birao,10.2849,22.7882,21.53,94,99,2.36,CF,1727811724
404,alupka,44.4167,34.05,16.36,85,100,2.86,UA,1727811725
405,leticia,-4.2153,-69.9406,33.03,55,75,1.54,CO,1727811726
406,mirnyy,62.5353,113.9611,4.1,97,100,4.9,RU,1727811728
407,lake charles,30.2131,-93.2044,32.99,47,40,5.14,US,1727811729
408,vadso,70.0744,29.7487,5.09,65,0,13.38,NO,1727811732
409,usinsk,65.9939,57.5281,5.47,74,99,8.63,RU,1727811733
410,lycksele,64.5954,18.6735,-1.07,93,7,0.0,SE,1727811600
411,ciudad insurgentes,25.2625,-111.7753,35.4,29,7,2.5,MX,1727811736
412,westport,41.1415,-73.3579,21.47,67,0,4.12,US,1727811737
413,tirebolu,41.0069,38.8139,17.62,77,13,1.43,TR,1727811739
414,myrina,39.8797,25.0742,14.58,67,0,0.0,GR,1727811740
415,portales,34.1862,-103.3344,23.55,22,0,3.98,US,1727811741
416,tutoia,-2.7619,-42.2744,26.57,79,100,5.42,BR,1727811742
417,verkhniy baskunchak,48.2256,46.7217,15.25,30,3,4.91,RU,1727811743
418,alesund,62.4723,6.1549,9.07,96,0,1.54,NO,1727811666
419,baturaja,-4.1333,104.1667,23.33,85,47,1.01,ID,1727811745
420,krasnokholmskiy,55.9873,55.0466,5.61,53,5,3.98,RU,1727811746
421,conceicao das alagoas,-19.9147,-48.3883,36.88,14,9,2.8,BR,1727811747
422,manismata,-2.4667,111.0333,23.26,97,38,1.09,ID,1727811749
423,coaticook,45.1334,-71.7991,20.46,56,65,2.02,CA,1727811750
424,kupang,-10.1667,123.5833,25.32,88,95,2.57,ID,1727811751
425,al jawf,29.5,38.75,22.89,27,0,5.35,SA,1727811752
426,kavieng,-2.5744,150.7967,28.13,79,83,5.81,PG,1727811753
427,kashgar,39.4547,75.9797,13.56,47,20,1.0,CN,1727811754
428,mount pleasant,32.7941,-79.8626,27.78,76,0,2.68,US,1727811755
429,saudarkrokur,65.7461,-19.6394,6.98,91,100,6.65,IS,1727811756
430,klaksvik,62.2266,-6.589,8.51,84,100,4.1,FO,1727811757
431,barakani,-12.1356,44.4317,24.62,80,1,4.71,KM,1727811759
432,mitchell,43.7094,-98.0298,21.2,26,0,4.63,US,1727811760
433,touros,-5.1989,-35.4608,25.16,72,5,7.44,BR,1727811761
434,ceerigaabo,10.6162,47.368,21.18,62,14,1.56,SO,1727811762
435,antofagasta,-23.65,-70.4,16.6,79,47,4.67,CL,1727811763
436,nuuk,64.1835,-51.7216,3.34,93,75,1.03,GL,1727811764
437,saint-philippe,-21.3585,55.7679,21.77,82,40,5.39,RE,1727811765
438,shasta lake,40.6804,-122.3708,36.18,14,0,1.27,US,1727811766
439,tadine,-21.55,167.8833,22.46,78,1,5.54,NC,1727811767
440,taltal,-25.4,-70.4833,17.76,69,28,2.82,CL,1727811768
441,plessisville,46.2186,-71.762,17.34,77,100,1.06,CA,1727811769
442,dhuusamarreeb,5.535,46.3861,25.0,69,74,8.3,SO,1727811771
443,galesong,-5.3166,119.3661,24.01,65,100,1.22,ID,1727811772
444,kasungu,-13.0333,33.4833,25.35,32,0,5.26,MW,1727811773
445,port alfred,-33.5906,26.891,11.77,92,39,0.89,ZA,1727811774
446,buchach,49.0625,25.388,6.83,87,78,1.03,UA,1727811775
447,cholpon-ata,42.6494,77.0823,10.03,65,40,0.35,KG,1727811776
448,eastham,41.8301,-69.9739,18.93,77,40,5.66,US,1727811777
449,kuala terengganu,5.3302,103.1408,25.97,89,20,1.54,MY,1727811778
450,fada,9.5667,8.3,21.18,90,93,0.49,NG,1727811779
451,churapcha,62.0025,132.4325,-0.83,87,98,1.58,RU,1727811781
452,upata,8.0086,-62.3989,28.52,72,58,1.39,VE,1727811782
453,dolores,-36.3132,-57.6792,17.76,48,98,2.73,AR,1727811783
454,kandi,11.1342,2.9386,24.72,85,77,1.11,BJ,1727811784
455,enriquillo,17.9,-71.2333,32.82,61,56,2.35,DO,1727811785
456,paita,-5.0892,-81.1144,20.78,74,99,7.13,PE,1727811786
457,gamba,-2.65,10.0,24.24,87,100,3.94,GA,1727811787
458,huazhou,21.6333,110.5833,20.19,68,53,5.36,CN,1727811788
459,bubaque,11.2833,-15.8333,27.68,83,9,4.59,GW,1727811789
460,birjand,32.8663,59.2211,16.26,27,0,3.09,IR,1727811790
461,idfu,24.9803,32.8747,28.99,30,0,6.63,EG,1727811791
462,kirakira,-10.4544,161.9205,26.08,85,10,2.5,SB,1727811607
463,kapa'a,22.0752,-159.319,28.04,72,75,4.63,US,1727811794
464,sakaiminato,35.55,133.2333,20.99,94,75,1.03,JP,1727811795
465,maragogi,-9.0122,-35.2225,24.0,76,10,3.76,BR,1727811796
466,fortaleza,-3.7227,-38.5247,29.07,61,0,7.72,BR,1727811797
467,port isabel,26.0734,-97.2086,32.05,63,20,7.15,US,1727811798
468,nyurba,63.2842,118.3319,4.07,97,100,4.0,RU,1727811799
469,necochea,-38.5473,-58.7368,9.13,64,100,3.09,AR,1727811800
470,energetik,51.7445,58.7934,12.99,49,99,5.45,RU,1727811801
471,morden,49.1919,-98.1014,16.16,29,100,5.66,CA,1727811802
472,bandon,51.7469,-8.7425,11.92,83,61,3.28,IE,1727811803
473,kochenevo,55.0218,82.202,6.66,76,81,3.5,RU,1727811805
474,buston,40.2342,69.6948,20.1,45,100,3.0,TJ,1727811806
475,spassk-ryazanskiy,54.4072,40.3806,12.53,37,11,3.83,RU,1727811807
476,dungarvan,52.0881,-7.6253,12.53,78,37,4.31,IE,1727811808
477,sittwe,20.15,92.9,27.24,87,99,3.23,MM,1727811809
478,tejen,37.3834,60.5054,21.01,17,0,3.49,TM,1727811810
479,northam,51.0333,-4.2167,14.1,86,12,7.1,GB,1727811811
480,yulinshi,38.2906,109.7494,7.01,45,2,1.88,CN,1727811812
481,prado,-17.3411,-39.2208,24.53,74,0,3.07,BR,1727811813
482,sefrou,33.8319,-4.828,26.53,36,0,4.12,MA,1727811815
483,moncion,19.4108,-71.1526,31.31,42,40,2.69,DO,1727811816
484,gombong,-7.6072,109.5142,24.49,92,100,1.01,ID,1727811817
485,bulawayo,-20.15,28.5833,18.91,59,5,8.41,ZW,1727811818
486,vejen,55.4833,9.15,11.21,71,100,7.72,DK,1727811819
487,caqueza,4.4057,-73.9468,20.81,69,90,3.56,CO,1727811820
488,karasu,41.071,30.7854,14.27,94,100,5.85,TR,1727811821
489,calvinia,-31.4707,19.776,11.37,28,5,1.88,ZA,1727811822
490,bathsheba,13.2167,-59.5167,32.34,62,20,6.17,BB,1727811823
491,polyarnyy,69.1989,33.4478,3.43,67,0,10.16,RU,1727811824
492,mount gambier,-37.8333,140.7667,5.9,100,30,1.53,AU,1727811825
493,muroto-misakicho,33.2833,134.15,24.67,71,82,2.1,JP,1727811828
494,cassino,41.4876,13.8315,18.32,75,48,1.0,IT,1727811829
495,tchintabaraden,15.8969,5.7985,35.15,20,0,1.55,NE,1727811830
496,sumenep,-7.0167,113.8667,26.48,78,65,3.14,ID,1727811831
497,beloyarskiy,63.7119,66.6722,5.18,60,98,7.15,RU,1727811832
498,konarka,19.9,86.1167,29.22,82,88,3.99,IN,1727811833
499,makokou,0.5738,12.8642,21.72,97,81,1.16,GA,1727811834
500,novokruchininskiy,51.7833,113.7667,0.85,83,42,4.15,RU,1727811835
501,gunjur,13.2019,-16.7339,28.04,83,20,2.06,GM,1727811836
502,bechar,31.6167,-2.2167,30.18,26,20,2.57,DZ,1727811838
503,selty,57.3132,52.1345,3.87,55,0,2.31,RU,1727811839
504,tianshui,34.5439,105.6897,8.67,57,2,1.4,CN,1727811840
505,horawala junction,6.4809,80.1271,25.27,90,94,2.55,LK,1727811841
506,san fernando de apure,7.8878,-67.4724,30.11,73,52,1.42,VE,1727811648
507,villa gesell,-37.2639,-56.973,11.14,72,100,5.79,AR,1727811843
508,mapimi,25.8167,-103.85,27.64,31,5,4.05,MX,1727811844
509,fortuna,40.5982,-124.1573,23.51,61,20,2.57,US,1727811845
510,lazaro cardenas,17.9583,-102.2,28.09,80,99,3.02,MX,1727811846
511,mar del plata,-38.0023,-57.5575,10.01,75,100,5.66,AR,1727811847
512,prainha,-1.8,-53.48,35.08,38,98,1.23,BR,1727811848
513,kayyerkan,69.3786,87.7439,1.53,92,97,1.19,RU,1727811849
514,paraiso,9.8383,-83.8656,20.6,98,100,1.74,CR,1727811851
515,tahe,52.3333,124.7333,-0.6,84,90,1.74,CN,1727811852
516,at taj,24.2049,23.2857,24.45,27,0,5.11,LY,1727811853
517,chibougamau,49.9168,-74.3659,19.79,49,20,6.69,CA,1727811678
518,buala,-8.145,159.5921,26.96,82,16,2.45,SB,1727811855
519,ammon,43.4696,-111.9666,20.55,27,0,2.06,US,1727811856
520,happy valley-goose bay,53.3168,-60.3315,14.17,47,20,2.06,CA,1727811857
521,datong,40.0936,113.2914,5.11,41,100,0.74,CN,1727811858
522,opelousas,30.5335,-92.0815,31.06,48,2,4.42,US,1727811859
523,kalawit,8.0667,122.5167,24.85,91,100,2.61,PH,1727811860
524,kanoya,31.3833,130.85,23.22,90,76,2.31,JP,1727811861
525,inderbor,48.55,51.7833,17.05,25,73,5.53,KZ,1727811862
526,bag,22.3667,74.7667,25.88,85,0,2.45,IN,1727811863
527,buka,40.8108,69.1986,18.3,40,94,2.02,UZ,1727811864
528,nizhneangarsk,55.7833,109.55,3.91,95,100,5.68,RU,1727811865
529,pontes e lacerda,-15.2261,-59.3353,40.47,20,26,3.67,BR,1727811866
530,evanston,42.0411,-87.6901,21.47,40,20,7.72,US,1727811867
531,lagos,6.5833,3.75,27.18,88,76,2.39,NG,1727811364
532,marion,39.7684,-86.1555,26.8,64,75,2.06,US,1727811869
533,semdinli,37.3051,44.5742,20.02,44,63,2.75,TR,1727811870
534,ath thawrah,35.8469,38.5443,22.2,70,0,8.46,SY,1727811871
535,sao geraldo do araguaia,-6.4006,-48.555,32.01,47,94,2.25,BR,1727811872
536,natal,-5.795,-35.2094,28.36,61,20,10.29,BR,1727811873
537,monte alegre,-2.0078,-54.0692,32.6,45,100,1.3,BR,1727811875
538,bambanglipuro,-7.95,110.2833,24.65,91,100,2.2,ID,1727811876
539,bihac,44.8169,15.8708,14.48,87,85,2.04,BA,1727811877
540,ola,59.5833,151.2833,2.09,64,0,2.42,RU,1727811878
541,kloulklubed,7.0419,134.2556,25.28,72,100,3.4,PW,1727811879
542,orsova,44.7253,22.3961,7.9,74,35,2.67,RO,1727811882
543,tarawa,1.419,172.984,28.05,74,20,2.06,KI,1727811701
544,salto,-31.3833,-57.9667,21.04,72,100,2.24,UY,1727811884
545,balkanabat,39.5108,54.3671,23.08,23,0,3.48,TM,1727811885
546,maun,-19.9833,23.4167,22.98,6,0,2.57,BW,1727811651
547,cody,44.5263,-109.0565,23.69,14,0,5.14,US,1727811888
548,robore,-18.3333,-59.75,38.05,39,20,9.26,BO,1727811889
549,otjimbingwe,-22.35,16.1333,21.86,12,0,0.89,NA,1727811890
550,mejit,10.2753,170.8646,28.98,75,39,6.22,MH,1727811891
551,magnanville,48.968,1.6784,13.03,91,2,3.31,FR,1727811892
552,itoman,26.1247,127.6694,29.01,89,75,5.14,JP,1727811893
553,khandyga,62.6667,135.6,-0.49,93,100,0.42,RU,1727811894
554,kununurra,-15.7667,128.7333,18.99,77,0,1.54,AU,1727811895
555,la passe,45.5549,-0.8967,14.43,87,100,4.84,FR,1727811896
556,znamenskoye,57.1281,73.8282,4.38,71,0,2.62,RU,1727811897
557,safranbolu,41.2508,32.6942,10.19,97,100,2.03,TR,1727811898
558,biltine,14.5333,20.9167,31.78,37,82,5.72,TD,1727811899
559,new norfolk,-42.7826,147.0587,5.4,95,10,1.13,AU,1727811900
560,farkhor,37.4922,69.4036,21.3,37,85,1.99,TJ,1727811901
561,puiesti,46.4167,27.5,11.47,83,100,6.65,RO,1727811902
562,karachi,24.9056,67.0822,27.9,83,40,4.63,PK,1727811857
563,chonchi,-42.6128,-73.8092,8.56,70,70,3.57,CL,1727811905
564,shache,38.4167,77.2406,15.84,42,100,1.58,CN,1727811906
565,kenai,60.5544,-151.2583,10.01,70,0,3.6,US,1727811660
566,maryville,35.7565,-83.9705,26.14,70,75,3.09,US,1727811909
567,boa vista,2.8197,-60.6733,31.99,55,75,4.12,BR,1727811910
568,kamen'-na-obi,53.7884,81.3423,9.7,61,17,2.92,RU,1727811911
569,nuku'alofa,-21.1333,-175.2,24.19,83,75,6.69,TO,1727811912
570,indramayu,-6.3264,108.32,27.04,74,100,2.92,ID,1727811913
571,mahdia,35.5047,11.0622,24.97,67,0,7.07,TN,1727811353
572,ambikapur,23.1167,83.2,21.6,88,2,1.0,IN,1727811915
573,ust'-barguzin,53.45,108.9833,7.66,91,100,8.28,RU,1727811916
574,tionk essil,12.7856,-16.5217,29.98,83,57,2.33,SN,1727811918
575,pyapon,16.2833,95.6833,23.27,98,100,1.69,MM,1727811918
576,labrador city,52.9463,-66.9114,15.95,48,0,5.36,CA,1727811920
577,carbonear,47.7332,-53.2148,11.81,90,100,9.34,CA,1727811921
578,cangucu,-31.395,-52.6756,18.56,95,100,2.78,BR,1727811922
579,hotan,37.0997,79.9269,15.17,29,79,1.55,CN,1727811923
580,brownfield,33.1812,-102.2744,27.99,25,0,4.97,US,1727811924
581,black river,18.0264,-77.8487,29.32,73,30,4.03,JM,1727811925
582,sinanpasa,38.7444,30.2428,8.27,78,7,1.06,TR,1727811926
583,nadym,65.5333,72.5167,3.45,97,100,10.22,RU,1727811680
584,malango,-2.9627,119.9001,18.07,92,16,1.07,ID,1727811929
585,frontera,26.9333,-101.45,31.29,41,40,3.6,MX,1727811930
586,ardestan,33.3761,52.3694,23.43,26,0,2.68,IR,1727811932
587,lepsy,46.235,78.9456,14.23,27,8,4.08,KZ,1727811933
